{"scratch": {"running_loss_history": [0.033006859602243276, 0.02487281077945953, 0.02046850727059238, 0.0178019333257421, 0.015490519915608012, 0.013909898475541685, 0.01282869515430627, 0.011998997761208906, 0.010903961680105247, 0.01001914483929717], "val_running_loss_history": [0.027760912186726237, 0.022500120069908546, 0.01828197212998505, 0.01675717017494323, 0.01497263069532475, 0.01326028077197767, 0.012777268511918589, 0.011354734247510784, 0.01029817873722991, 0.009805554795572052], "running_accuracy_history": [0.29863446950912476, 0.475107342004776, 0.5775018334388733, 0.6362616419792175, 0.6832230687141418, 0.715639591217041, 0.7408997416496277, 0.7544775605201721, 0.7784611582756042, 0.7938570976257324], "val_running_accuracy_history": [0.4325052499771118, 0.5444477796554565, 0.6306495070457458, 0.6566896438598633, 0.695300817489624, 0.7384017109870911, 0.7404968738555908, 0.7647411227226257, 0.7895839810371399, 0.7958695292472839]}}