{"pretrained": {"running_loss_history": [0.014606833516742121, 0.00369223582487974, 0.0018015097492969242, 0.001105236079594122, 0.000700233374750727, 0.0005139770302098687, 0.00037482843010298227, 0.00029414100958401364, 0.0002414757834614784, 0.00018009124213394363], "val_running_loss_history": [0.005040411127965916, 0.002934784786505315, 0.002271257204875301, 0.0017571352440077757, 0.0016084357395609833, 0.0014832489421344186, 0.0015058749117318455, 0.0014646875679568772, 0.001594398619471337, 0.0014071157653708724], "running_accuracy_history": [0.7374569177627563, 0.9305248856544495, 0.9668871164321899, 0.980735719203949, 0.9889365434646606, 0.9917604327201843, 0.9938880205154419, 0.9958608746528625, 0.9966732263565063, 0.9974855780601501], "val_running_accuracy_history": [0.9111045002937317, 0.9461239576339722, 0.9601916074752808, 0.9676743745803833, 0.9727627038955688, 0.9745585322380066, 0.9751571416854858, 0.9790481925010681, 0.9757558107376099, 0.9802454710006714]}}